Item Code,Item Name,District,Conversion Factor,Total Qty (CLD),Total Qty (PCs),Avg Qty / Transaction,Total Revenue,Avg Revenue / Transaction,Status
1099,HAIR CONDITIONER ALMOND 100 G,Chennai,96.0,-0.06,-6.0,-6.0,-305.57,-305.57,Active Sales
150000713,PAPAD KALI MIRCH - T,Chennai,30.0,4.2,126.0,10.5,6165.06,513.75,Active Sales
150000718,CHANA DAL 500 GM (R1),Chennai,20.0,6.35,127.0,15.88,6683.95,835.49,Active Sales
150000719,CHANA DAL 1000 GM (R1),Chennai,10.0,6.7,67.0,11.17,6981.33,1163.56,Active Sales
150000720,MOONG SABUT 500 GM (R1),Chennai,20.0,5.7,114.0,9.5,7415.5,617.96,Active Sales
150000722,MOONG CHILKA 500 GM (R1),Chennai,20.0,4.5,90.0,18.0,6151.05,1230.21,Active Sales
150000723,MOONG CHILKA 1000 GM (R1),Chennai,10.0,6.0,60.0,12.0,8050.17,1610.03,Active Sales
150000724,MOONG DHULI 500 GM (R1),Chennai,20.0,7.0,140.0,20.0,10203.58,1457.65,Active Sales
150000725,MOONG DHULI 1000 GM (R1),Chennai,10.0,7.0,70.0,7.78,10221.07,1135.67,Active Sales
150000726,TUVAR DAL 500 GM (R1),Chennai,20.0,14.75,295.0,21.07,21930.88,1566.49,Active Sales
150000727,TUVAR DAL 1000 GM (R1),Chennai,10.0,15.0,150.0,8.33,21660.46,1203.36,Active Sales
150000730,KALA CHANA 500 GM (R1),Chennai,20.0,3.5,70.0,7.78,3602.45,400.27,Active Sales
150000731,KALA CHANA 1000 GM (R1),Chennai,10.0,1.5,15.0,7.5,1514.21,757.11,Active Sales
150000732,RAJMA 500 GM (R1),Chennai,20.0,2.5,50.0,12.5,4200.72,1050.18,Active Sales
150000734,KABULI CHANA 500 GM (R1),Chennai,20.0,6.0,120.0,17.14,7293.69,1041.96,Active Sales
150000735,KABULI CHANA 1000 GM (R1),Chennai,10.0,3.5,35.0,8.75,4216.73,1054.18,Active Sales
150000736,MIX DAL 500 GM (R1),Chennai,20.0,10.9,218.0,19.82,13333.22,1212.11,Active Sales
150000752,BLACK MASOOR 500 GM (R1),Chennai,20.0,1.5,30.0,7.5,1634.48,408.62,Active Sales
150000757,BLACK MASOOR 1000 GM (R1),Chennai,10.0,1.0,10.0,10.0,1074.5,1074.5,Active Sales
150000759,URAD DHULI 1000 GM (R1),Chennai,10.0,2.0,20.0,10.0,3106.17,1553.09,Active Sales
150000766,ROASTED COCONUT OIL 1 LTR.(P) - T,Chennai,12.0,2.17,26.0,3.25,10907.99,1363.5,Active Sales
150000767,ROASTED COCONUT OIL 500 ML (P) - T,Chennai,18.0,0.33,6.0,2.0,1266.99,422.33,Active Sales
150000779,POHA 500 GM -T,Chennai,40.0,10.5,420.0,52.5,16042.03,2005.25,Active Sales
150000780,POHA 1 KG -T,Chennai,20.0,20.0,400.0,25.0,28963.87,1810.24,Active Sales
150000784,VERMICELLI PLAIN 400 GM - T,Chennai,45.0,6.16,277.0,25.18,8889.72,808.16,Active Sales
150000785,VERMICELLI PLAIN 900 GM - T,Chennai,20.0,5.7,114.0,19.0,7920.65,1320.11,Active Sales
150000786,VERMICELLI ROASTED 400 GM - T,Chennai,45.0,3.73,168.0,18.67,6166.36,685.15,Active Sales
150000787,VERMICELLI ROASTED 900 GM - T,Chennai,20.0,5.75,115.0,19.17,9549.86,1591.64,Active Sales
150000790,SESAME OIL 1 L (B)-T,Chennai,12.0,173.25,2079.0,37.8,466665.92,8484.83,Active Sales
150000791,SESAME OIL 200 ML (B)-T,Chennai,48.0,3.0,144.0,48.0,7655.43,2551.81,Active Sales
150000794,SESAME OIL 500 ML (B)-T (24),Chennai,24.0,14.5,348.0,19.33,43693.95,2427.44,Active Sales
150000801,VERMICELLI PLAIN 200 GM - T,Chennai,90.0,0.86,77.0,15.4,1307.53,261.51,Active Sales
150000802,VERMICELLI ROASTED 200 GM - T,Chennai,90.0,0.5,45.0,15.0,883.1,294.37,Active Sales
150000812,TRADITIONAL W.W CHAKKI ATTA W.BRAN 2K-T,Chennai,15.0,59.0,885.0,26.03,79998.43,2352.89,Active Sales
150000813,TRADITIONAL W.W CHAKKI ATTA W.BRAN 1K-T,Chennai,30.0,75.03,2251.0,64.31,106648.21,3047.09,Active Sales
150000814,TRAD.W.W CHAKKI ATTA W.BRAN 10K-T(3 Pc),Chennai,3.0,422.67,1268.0,28.82,525930.99,11952.98,Active Sales
150000815,TRAD. W.W CHAKKI ATTA W.BRAN 5K-T (6Pc),Chennai,6.0,1552.33,9314.0,172.48,1872167.66,34669.77,Active Sales
150000816,HERBAL HEALTH FOOD BAR 35GM - T,Chennai,180.0,0.17,30.0,30.0,633.78,633.78,Active Sales
150000828,TOMATO KETCHUP W.ONION GARLIC 450GM(P)-T,Chennai,24.0,0.75,18.0,9.0,952.56,476.28,Active Sales
150000834,HERBAL POWERVITA PLUS - 500 GM JAR - T,Chennai,20.0,1.0,20.0,6.67,3075.03,1025.01,Active Sales
150000835,HERBAL POWERVITA PLUS - 500 GM REFILL -T,Chennai,24.0,9.58,230.0,11.5,34683.06,1734.15,Active Sales
150000838,HERBAL POWERVITA PLUS 200 GM - T,Chennai,70.0,0.34,24.0,12.0,1463.86,731.93,Active Sales
150000841,HIKICK CANDY - KACHA AAM (JAR) - T,Chennai,16.0,48.38,774.0,64.5,81817.78,6818.15,Active Sales
150000842,IMMUNITY BAR 35 GM - T,Chennai,180.0,0.18,32.0,8.0,665.28,166.32,Active Sales
150000845,MINT CANDY MENTHOL - T,Chennai,16.0,55.06,881.0,51.82,93388.41,5493.44,Active Sales
150000857,MURMURA 500 GM - T,Chennai,20.0,5.75,115.0,19.17,6272.97,1045.5,Active Sales
150000858,ROASTED CHANA 500 GM - T,Chennai,20.0,6.75,135.0,22.5,12640.16,2106.69,Active Sales
150000889,PATANJALI MUSTARD OIL 5 L JAR -T,Chennai,4.0,4.5,18.0,4.5,18490.15,4622.54,Active Sales
150000903,CHANA SATTU 500 GM - T,Chennai,20.0,4.0,80.0,16.0,6035.41,1207.08,Active Sales
150000912,WHITE PEAS 500 GM (R1),Chennai,20.0,0.5,10.0,10.0,374.46,374.46,Active Sales
150000949,TOMATO KETCHUP W/O ONION GRLC 450GM(P)-T,Chennai,24.0,1.92,46.0,15.33,2403.57,801.19,Active Sales
150000993,MASALA BOONDI 100 GM (40 PC) - T,Chennai,40.0,0.5,20.0,20.0,408.87,408.87,Active Sales
150001014,NARIYAL COOKIES 200 GM (BAKERY) - T,Chennai,24.0,1.5,36.0,18.0,1490.83,745.42,Active Sales
150001015,ATTA DOODH RUSK 300 GM - T,Chennai,24.0,17.0,408.0,51.0,17149.58,2143.7,Active Sales
150001016,SUJI ELAICHI RUSK 300 GM - T,Chennai,24.0,107.0,2568.0,183.43,107133.11,7652.37,Active Sales
150001077,COWS GHEE 5 LTR - T,Chennai,4.0,51.75,207.0,8.28,733307.33,29332.29,Active Sales
150001084,CHOCOLIOUS-CHOCO FILL PILLOW - 125 GM-T,Chennai,48.0,0.0,0.0,0.0,0.0,0.0,No Sales
150001085,CHOCOLIOUS-CHOCO FILL PILLOW - 250 GM-T,Chennai,24.0,0.0,0.0,0.0,0.0,0.0,No Sales
150001088,CHOCOS 250 GMS - T,Chennai,48.0,0.25,12.0,12.0,837.27,837.27,Active Sales
150001096,MASALA OATS 200GM- T,Chennai,60.0,0.33,20.0,20.0,804.3,804.3,Active Sales
150001098,MASALA OATS 400 GM - T,Chennai,24.0,0.25,6.0,3.0,448.75,224.38,Active Sales
150001103,OATS 200GM - T,Chennai,60.0,0.9,54.0,18.0,1714.61,571.54,Active Sales
150001108,TOMATO OATS 200GM - T,Chennai,60.0,0.0,0.0,0.0,0.0,0.0,No Sales
150001115,ATTA NOODLES CHATPATA-60 GM 96 PC - T,Chennai,96.0,32.0,3072.0,341.33,29537.41,3281.93,Active Sales
150001117,ATTA NOODLES CLASSIC FAMILY PACK 240 GM,Chennai,24.0,47.17,1132.0,70.75,42353.78,2647.11,Active Sales
150001118,ATTA NOODLES CLASSIC-60 GM 96 PC - T,Chennai,96.0,33.42,3208.0,229.14,30401.09,2171.51,Active Sales
150001119,ATTA NOODLES DESI MASALA 60 GM (96 PC)-T,Chennai,96.0,18.0,1728.0,216.0,16640.05,2080.01,Active Sales
150001120,ATTA NOODLES YUMMY MASALA 60 GM (96PC)-T,Chennai,96.0,17.0,1632.0,204.0,15635.07,1954.38,Active Sales
150001192,PATANJALI TWISTY TASTY NOODLES-50G-T,Chennai,48.0,1300.0,62400.0,2600.0,501040.51,20876.69,Active Sales
150001193,PATANJALI TWISTY TASTY NOODLES-200G-T,Chennai,12.0,93.0,1116.0,93.0,33926.76,2827.23,Active Sales
150001244,JEERA BISCUIT 70 GM - T,Chennai,72.0,0.0,0.0,0.0,0.0,0.0,No Sales
150001245,SUJI ELAICHI RUSK 63.6 GM - T,Chennai,36.0,842.0,30312.0,1317.91,251597.78,10939.03,Active Sales
150001249,ROASTED CHANA 200 GM - T,Chennai,50.0,6.62,331.0,30.09,14318.75,1301.7,Active Sales
150001262,MOONG DAL PAPAD -200 GM – T,Chennai,30.0,2.0,60.0,30.0,2948.7,1474.35,Active Sales
150001439,PATANJALI RICE BRAN OIL 5 L JAR-T,Chennai,4.0,0.0,0.0,0.0,0.0,0.0,No Sales
150001475,PREMIUM TEA - 250 GM (POLY) - T,Chennai,96.0,1.38,132.0,26.4,13098.66,2619.73,Active Sales
150001573,BANDHANI HING 50 GM (NEW) - T,Chennai,108.0,5.85,632.0,33.26,54813.57,2884.92,Active Sales
150001574,BANDHANI HING POWDER 50 GM (NEW) - T,Chennai,108.0,1.15,124.0,20.67,11423.74,1903.96,Active Sales
150001575,BANDHANI HING POWDER 25 GM (NEW) - T,Chennai,120.0,0.95,114.0,19.0,5597.99,933.0,Active Sales
150001576,BANDHANI HING 25 G (NEW) - T,Chennai,120.0,5.6,672.0,51.69,32604.38,2508.03,Active Sales
150001589,VERMICELLI PLAIN 90GM -T,Chennai,120.0,0.0,0.0,0.0,0.0,0.0,No Sales
150001590,VERMICELLI ROASTED 85GM -T,Chennai,120.0,0.0,0.0,0.0,0.0,0.0,No Sales
150001604,BANDHANI HING 10 G (JAR) - T,Chennai,300.0,0.0,0.0,0.0,0.0,0.0,No Sales
150001645,K.K. COLOR NATURAL BLACK (CREAM & DEV)-T,Chennai,60.0,11.0,660.0,38.82,19961.9,1174.23,Active Sales
150001646,KESH K. HERBAL MEHANDI (BURGUNDY) 15GM-T,Chennai,120.0,0.17,20.0,20.0,477.43,477.43,Active Sales
150001647,KESH KANTI HERBAL MEHANDI (DARK BROWN) T,Chennai,120.0,0.5,60.0,15.0,955.09,238.77,Active Sales
150001648,KESH KANTI HERBAL MEHANDI (NAT. BLACK)-T,Chennai,120.0,5.0,600.0,42.86,9053.85,646.7,Active Sales
150001650,SUPER STEEL SCRUB - T,Chennai,180.0,1.25,225.0,56.25,1737.84,434.46,Active Sales
150001651,SUPER STEEL SCRUB WITH SCRUB PAD - T,Chennai,180.0,1.0,180.0,90.0,2865.28,1432.64,Active Sales
150001652,TOOTHBRUSH (ACTIVE CARE)-T,Chennai,288.0,1.0,288.0,41.14,3637.02,519.57,Active Sales
150001653,TOOTHBRUSH (CURVY)-T,Chennai,288.0,1.94,560.0,56.0,7571.01,757.1,Active Sales
150001655,TOOTHBRUSH (JUNIOR)-T,Chennai,288.0,0.04,12.0,2.0,205.86,34.31,Active Sales
150001656,TOOTHBRUSH (SENSITIVE)-T,Chennai,288.0,3.96,1140.0,63.33,20969.43,1164.97,Active Sales
150001657,TOOTHBRUSH (TRIPLE ACTION)-T,Chennai,288.0,1.79,516.0,51.6,8167.46,816.75,Active Sales
150001667,DANT KANTI KIDS GENTLE TOOTHBRUSH - T,Chennai,288.0,0.42,120.0,120.0,1713.6,1713.6,Active Sales
150001674,DK -FLEXI TOOTHBRUSH HANGER (11+2) -T,Chennai,24.0,4.54,109.0,15.57,15497.87,2213.98,Active Sales
150001683,HERBAL WASH+ DETERGENT POWDER Rs10 CO.-T,Chennai,80.0,0.0,0.0,0.0,0.0,0.0,No Sales
150001696,TOOTHBRUSH (NORMAL) -T,Chennai,1440.0,0.0,0.0,0.0,0.0,0.0,No Sales
150001747,DANT KANTI NORMAL TOOTHBRUSH T.OFFER -T,Chennai,24.0,23.92,574.0,63.78,24164.36,2684.93,Active Sales
150001753,PRISTINE HARD SURFACE CLEANER 500 ML- T,Chennai,12.0,-0.08,-1.0,-1.0,-76.39,-76.39,Active Sales
150001776,KESH KANTI HERBAL MEHNDI 25G (FREE PACK),Chennai,72.0,-0.14,-10.0,-10.0,-99.95,-99.95,Active Sales
150001779,ORGANIC VIRGIN COCONUT OIL-300ML(JAR)-T,Chennai,18.0,0.0,0.0,0.0,0.0,0.0,No Sales
150002037,MIXED FRUIT JAM - 90 GM - T,Chennai,72.0,46.28,3332.0,196.0,55074.49,3239.68,Active Sales
150002269,ALMOND DATE PROTEIN BAR 35G - T,Chennai,144.0,0.46,66.0,33.0,2111.58,1055.79,Active Sales
150002571,COWS GHEE 900 ML - T,Chennai,15.0,147.0,2205.0,84.81,1483634.1,57062.85,Active Sales
150002572,COWS GHEE 450 ML - T,Chennai,30.0,13.0,390.0,43.33,140394.89,15599.43,Active Sales
150002577,BANDHANI HING 100 G - T,Chennai,48.0,1.0,48.0,48.0,8549.86,8549.86,Active Sales
150002585,KACHI GHANI MUSTARD OIL 850 GM BOTTLE-T,Chennai,12.0,389.92,4679.0,137.62,826490.88,24308.56,Active Sales
150002591,STRONG HING  25 G - T,Chennai,72.0,0.0,0.0,0.0,0.0,0.0,No Sales
150002592,STRONG HING  50 G - T,Chennai,48.0,0.0,0.0,0.0,0.0,0.0,No Sales
150002601,HING 10G CONSUMER OFFER CHYWANPRASH - T,Chennai,120.0,0.2,24.0,24.0,0.0,0.0,Active Sales
150002603,DUBAR RICE (12*1KG) FREE WITH HONEY 1KG,Chennai,12.0,0.0,0.0,0.0,0.0,0.0,No Sales
150002662,D.K. NORMAL T.BRUSH 12N-HANGER-CHP- T,Chennai,144.0,93.33,13439.0,292.15,0.0,0.0,Active Sales
150002666,RICE BRAN OIL 750 GM (P) - T,Chennai,12.0,150.83,1810.0,41.14,250367.16,5690.16,Active Sales
150002668,CORNFLAKES MIX 35G(FREE WITH GHEE) - T,Chennai,75.0,21.0,1575.0,58.33,0.0,0.0,Active Sales
150002680,KACHI GHANI MUSTARD OIL 750 GM (P) - T,Chennai,12.0,55.0,660.0,94.29,100297.52,14328.22,Active Sales
150002765,NAMKEEN CRUNCHY PEANUTS 200 GM - T,Chennai,60.0,0.6,36.0,36.0,1532.79,1532.79,Active Sales
150002841,NAMKEEN NAVRATAN MIXTURE 400G - T,Chennai,40.0,1.6,64.0,32.0,5351.14,2675.57,Active Sales
180002078,PAT NUTRELA DAILY ACTIVE CAPSULE 750 MG,Chennai,30.0,0.0,0.0,0.0,0.0,0.0,Active Sales
180002089,PAT NUTRELA BONE HEALTH NATURAL CAPSULE,Chennai,30.0,0.1,3.0,3.0,464.37,464.37,Active Sales
180002090,PAT NUTRELA IRON COMPLEX NATURAL CAPSULE,Chennai,30.0,0.0,0.0,0.0,0.0,0.0,No Sales
180002091,PAT NUTRELA VIT D2K NATURAL VANILA(60),Chennai,30.0,0.0,0.0,0.0,0.0,0.0,Active Sales
180002668,JAMUN VINEGAR 500 ML,Chennai,12.0,1.5,18.0,4.5,1575.58,393.9,Active Sales
180002669,KARELA AMLA JUICE 500 ML,Chennai,12.0,5.5,66.0,7.33,3459.97,384.44,Active Sales
180002670,GILOY AMLA JUICE 500 ML,Chennai,12.0,1.5,18.0,9.0,1311.47,655.74,Active Sales
180002671,ARJUN AMLA JUICE 500 ML,Chennai,12.0,0.5,6.0,6.0,359.86,359.86,Active Sales
180002672,AMLA ALOEVERA JUICE WHEAT GRASS 500ML,Chennai,12.0,2.5,30.0,7.5,2070.05,517.51,Active Sales
180002697,AMLA MURABBA 1 KG,Chennai,12.0,5.17,62.0,6.89,9231.08,1025.68,Active Sales
180002700,BEL MURABBA 1 KG,Chennai,12.0,0.25,3.0,3.0,337.27,337.27,Active Sales
180002701,GUAVA JAM 500 G,Chennai,12.0,1.0,12.0,12.0,1304.1,1304.1,Active Sales
180002702,HARAD MURABBA 1 KG,Chennai,12.0,0.0,0.0,0.0,0.0,0.0,No Sales
180002703,MIXED FRUIT JAM 500 G,Chennai,12.0,5.67,68.0,9.71,5406.41,772.34,Active Sales
180002704,PINEAPPLE JAM 500 G,Chennai,12.0,3.0,36.0,36.0,3169.91,3169.91,Active Sales
180002705,TOMATO KETCHUP W. ONION GARLC-500 GM (B),Chennai,12.0,0.5,6.0,6.0,411.83,411.83,Active Sales
180002706,MANGO CANDY 250 G,Chennai,24.0,3.0,72.0,24.0,6317.64,2105.88,Active Sales
180002713,AMLA CANDY 250 G,Chennai,24.0,13.62,327.0,20.44,23364.79,1460.3,Active Sales
180002714,AMLA CHATPATA CANDY 250 G,Chennai,24.0,7.0,168.0,18.67,12652.93,1405.88,Active Sales
180002715,BEL CANDY 250 G,Chennai,24.0,4.08,98.0,14.0,5393.63,770.52,Active Sales
180002716,TOMATO KETCHUP W. ONION GARLC-200 GM (B),Chennai,24.0,4.0,96.0,32.0,3582.44,1194.15,Active Sales
180002717,TOMATO KETCHUP W/O ONION GRLC-200 GM (B),Chennai,24.0,5.25,126.0,31.5,4089.39,1022.35,Active Sales
180002719,TOMATO KETCHUP W/O ONION GARLIC-1 KG (B),Chennai,12.0,0.0,0.0,0.0,0.0,0.0,No Sales
180002725,GINGER CANDY 100 GM,Chennai,96.0,1.48,142.0,10.14,7324.87,523.21,Active Sales
180002732,AMLA CANDY (FSSAI) 500 GM,Chennai,24.0,2.75,66.0,13.2,9147.25,1829.45,Active Sales
180002733,BEL CANDY (FSSAI) 500 GM,Chennai,24.0,0.0,0.0,0.0,0.0,0.0,No Sales
180002734,BARLEY DALIA 500 G,Chennai,30.0,22.33,670.0,33.5,30665.09,1533.25,Active Sales
180002735,BESAN 500 G,Chennai,20.0,29.6,592.0,23.68,32031.54,1281.26,Active Sales
180002737,NAVRATNA ATTA 2 KG,Chennai,20.0,4.2,84.0,14.0,13462.93,2243.82,Active Sales
180002738,PUSHTAHAR DALIA 500 G,Chennai,30.0,17.5,525.0,29.17,21859.36,1214.41,Active Sales
180002748,METHI ATTA-1KG,Chennai,30.0,0.2,6.0,6.0,496.19,496.19,Active Sales
180002751,SOOJI - 500 GM,Chennai,30.0,16.0,480.0,22.86,14151.81,673.9,Active Sales
180002773,RAGI ATTA 1 KG,Chennai,30.0,2.93,88.0,12.57,6325.44,903.63,Active Sales
180002774,JAU ATTA 500 GM,Chennai,20.0,4.0,80.0,20.0,3412.08,853.02,Active Sales
180002775,JAWAR ATTA 500 GM,Chennai,20.0,3.3,66.0,16.5,3087.76,771.94,Active Sales
180002777,SAMAK RICE 500 GM,Chennai,20.0,1.6,32.0,16.0,1974.67,987.34,Active Sales
180002780,MAIDA 1 KG,Chennai,10.0,1.5,15.0,3.75,915.86,228.97,Active Sales
180002781,SOOJI 1 KG,Chennai,10.0,3.0,30.0,6.0,1801.79,360.36,Active Sales
180002802,HING PEDA 200 G,Chennai,60.0,0.6,36.0,7.2,3483.65,696.73,Active Sales
180002803,JAL JEERA 200 G,Chennai,40.0,1.8,72.0,7.2,4838.21,483.82,Active Sales
180002810,AMRIT RASAYAN 1 KG,Chennai,12.0,2.0,24.0,12.0,5670.25,2835.12,Active Sales
180002811,AMRIT RASAYAN 500 G,Chennai,24.0,1.38,33.0,3.0,3859.62,350.87,Active Sales
180002812,BADAM PAK 250 G,Chennai,24.0,1.12,27.0,9.0,3633.43,1211.14,Active Sales
180002813,BADAM PAK 500 G,Chennai,12.0,1.75,21.0,5.25,5434.44,1358.61,Active Sales
180002814,CHYAWANPRASH AVLEH 1 KG,Chennai,12.0,1.5,18.0,9.0,3607.54,1803.77,Active Sales
180002815,MUSLI PAK 200 G,Chennai,24.0,0.0,0.0,0.0,0.0,0.0,No Sales
180002822,CHYAWANPRABHA ADV. NO ADDED SUGAR 750GM,Chennai,12.0,1.42,17.0,2.83,4683.95,780.66,Active Sales
180002824,SPE. CHYWNPRSH 1 KG - FREE HONEY 100 GM,Chennai,12.0,15.17,182.0,16.55,48355.49,4395.95,Active Sales
180002826,CHYAVANPRASH JAGGERY (GUR) 750 GM,Chennai,12.0,0.0,0.0,0.0,0.0,0.0,No Sales
180002829,GILOY JUICE 500 ML,Chennai,12.0,11.5,138.0,10.62,9273.17,713.32,Active Sales
180002837,TULSI PANCHANG JUICE 500 ML,Chennai,12.0,0.5,6.0,6.0,436.91,436.91,Active Sales
180002845,MOSAMBI DRINK 250 ML,Chennai,24.0,1043.0,25032.0,715.2,388249.29,11092.84,Active Sales
180002846,SUGAR FREE ROSE SHARBAT 750 ML,Chennai,12.0,2.75,33.0,6.6,6380.2,1276.04,Active Sales
180002849,HONEY 250 G,Chennai,40.0,88.95,3558.0,62.42,303686.49,5327.83,Active Sales
180002850,HONEY 500 G,Chennai,20.0,128.8,2576.0,47.7,420268.45,7782.75,Active Sales
180002853,HONEY 100 GM,Chennai,100.0,6.79,679.0,48.5,28881.9,2062.99,Active Sales
180002863,TURMERIC POWDER 200 GM,Chennai,30.0,7.8,234.0,16.71,13108.21,936.3,Active Sales
180002864,RED CHILLI POWDER 200 GM,Chennai,30.0,6.73,202.0,25.25,15898.84,1987.36,Active Sales
180002865,CORIANDER POWDER 200 GM,Chennai,30.0,4.47,134.0,14.89,7662.79,851.42,Active Sales
180002880,BLACK PEPPER POWDER 100 GM (30 pcs),Chennai,30.0,1.07,32.0,8.0,3376.61,844.15,Active Sales
180002882,SABZI MASALA 100 GM (30 pcs),Chennai,30.0,1.03,31.0,6.2,1323.08,264.62,Active Sales
180002883,GARAM MASALA 100 GM (30 pcs),Chennai,30.0,0.97,29.0,3.62,1980.47,247.56,Active Sales
180002884,CHAAT MASALA 100 GM (30 pcs),Chennai,30.0,0.33,10.0,3.33,291.15,97.05,Active Sales
180002885,CHHOLE MASALA 100 GM (30 pcs),Chennai,30.0,0.0,0.0,0.0,0.0,0.0,No Sales
180002886,BLACK PEPPER WHOLE 100 GM (30 pcs),Chennai,30.0,1.87,56.0,5.6,5824.85,582.48,Active Sales
180002887,CUMIN SEED 100 GM (30 pcs),Chennai,30.0,2.67,80.0,8.89,4180.83,464.54,Active Sales
180002888,FENUGREEK SEED 100 GM (30 pcs),Chennai,30.0,2.67,80.0,8.0,1557.14,155.71,Active Sales
180002889,CAROM SEED 100 GM (30 pcs),Chennai,30.0,1.2,36.0,12.0,1633.6,544.53,Active Sales
180002893,CORIANDER WHOLE 200 GM,Chennai,30.0,1.4,42.0,8.4,1872.06,374.41,Active Sales
180002896,CUMIN WHOLE 200 GM,Chennai,30.0,1.1,33.0,8.25,3677.05,919.26,Active Sales
180002924,AAROGYA POUSHTIK LADOO 500 GM,Chennai,12.0,1.5,18.0,4.5,4539.21,1134.8,Active Sales
180002928,MADHURAM 1 KG,Chennai,30.0,31.8,954.0,30.77,83530.6,2694.54,Active Sales
180002931,BURA 1 KG,Chennai,30.0,47.3,1419.0,45.77,104450.29,3369.36,Active Sales
180002934,KESAR 1 GM (48 Pcs),Chennai,48.0,0.38,18.0,6.0,5032.61,1677.54,Active Sales
180002935,SUGAR 1 KG,Chennai,30.0,17.0,510.0,34.0,32865.56,2191.04,Active Sales
180002936,SUGAR 5 KG,Chennai,6.0,14.0,84.0,10.5,26369.14,3296.14,Active Sales
180002937,MAKHANA 250 GM,Chennai,16.0,8.56,137.0,11.42,56839.69,4736.64,Active Sales
180002952,GUR 1 KG,Chennai,12.0,2.0,24.0,24.0,2467.33,2467.33,Active Sales
180002953,KHAND 1 KG,Chennai,30.0,7.63,229.0,28.62,23473.88,2934.23,Active Sales
180002957,COWS GHEE 200 ML,Chennai,60.0,12.12,727.0,33.05,118887.87,5403.99,Active Sales
180002974,DALIA 500 G,Chennai,30.0,291.0,8730.0,164.72,252832.48,4770.42,Active Sales
180003009,SMALL CARDAMOM 25GM,Chennai,120.0,0.4,48.0,12.0,5709.31,1427.33,Active Sales
180003022,PATANJALI MUSTARD OIL 500 ML BTL,Chennai,24.0,57.0,1368.0,76.0,130806.37,7267.02,Active Sales
180003023,PATANJALI MUSTARD OIL 200 ML BTL,Chennai,48.0,4.21,202.0,50.5,8524.51,2131.13,Active Sales
180003035,PATANJALI FORTIFIED SUNFLOWER OIL 1L BTL,Chennai,12.0,4.0,48.0,16.0,9114.71,3038.24,Active Sales
180003036,PATANJALI FORTIFIED SUNFLOWER OIL 1 L PP,Chennai,12.0,96.0,1152.0,34.91,217433.72,6588.9,Active Sales
180005259,AMLA CHATPATA CANDY (FSSAI) 500 G,Chennai,24.0,2.88,69.0,13.8,9778.91,1955.78,Active Sales
180005481,DIGESTIVE COOKIES (WHOLE WHEAT) 250 GM,Chennai,20.0,6.95,139.0,19.86,5702.0,814.57,Active Sales
180005531,BUTTER COOKIES 60GM,Chennai,100.0,5.0,500.0,166.67,4025.7,1341.9,Active Sales
180005622,JEERA BISCUIT 35 GM,Chennai,144.0,6.0,864.0,172.8,3515.39,703.08,Active Sales
180005623,JEERA BISCUIT 70 GM,Chennai,72.0,15.0,1080.0,154.29,8881.49,1268.78,Active Sales
180007436,DATE SYRUP  400 GM,Chennai,12.0,0.17,2.0,2.0,279.91,279.91,Active Sales
180008907,PATANJALI WHITE VINEGAR SAUCE  170ML,Chennai,48.0,0.0,0.0,0.0,0.0,0.0,No Sales
180009933,7 GRAIN DIGESTIVE BISCUIT 200 GM,Chennai,20.0,24.0,480.0,60.0,30460.29,3807.54,Active Sales
180010053,RED CHILLI POWDER 100 GM,Chennai,60.0,0.47,28.0,9.33,1291.16,430.39,Active Sales
180012091,PATANJALI HONEY 100 GM (OFFER PACK),Chennai,48.0,0.25,12.0,4.0,0.0,0.0,Active Sales
180022335,PATANJALI KESAR 500 MG,Chennai,48.0,0.25,12.0,12.0,1871.35,1871.35,Active Sales
180022384,PATANJALI BALPRASH-500G,Chennai,12.0,0.0,0.0,0.0,0.0,0.0,No Sales
180022420,KARELA JAMUN 50-50 JUICE - 500 ML,Chennai,12.0,3.25,39.0,6.5,4366.49,727.75,Active Sales
180022481,BROWN SUGAR  1 KG,Chennai,12.0,2.5,30.0,7.5,3788.76,947.19,Active Sales
180022519,MIX DRY FRUITS WITH BERRIES & SEED 250 G,Chennai,24.0,0.0,0.0,0.0,0.0,0.0,No Sales
180025919,PAT.NUT. VIT.C+ZN-60 CAP,Chennai,30.0,0.0,0.0,0.0,0.0,0.0,Active Sales
180025922,PAT.NUT.VIT.B-COMPLEX-30 CAP,Chennai,30.0,0.07,2.0,2.0,373.42,373.42,Active Sales
180025948,PAT. NUTRELA MORINGA TABLETS-60 NOS,Chennai,30.0,0.0,0.0,0.0,0.0,0.0,No Sales
180025961,RAJGIRA ATTA 400 GM,Chennai,10.0,5.6,56.0,14.0,4744.91,1186.23,Active Sales
180025969,CORIANDER POWDER 100 GM,Chennai,60.0,1.08,65.0,16.25,1613.85,403.46,Active Sales
180025970,TURMERIC POWDER 100 GM,Chennai,60.0,7.3,438.0,27.38,12944.16,809.01,Active Sales
180026005,PATANJALI DATES ALMOND SPREAD 180G,Chennai,12.0,0.0,0.0,0.0,0.0,0.0,No Sales
180026085,ALOEVERA KANTI BODY CLEANSER 75 G,Chennai,144.0,9.21,1326.0,189.43,24324.52,3474.93,Active Sales
180026086,ORANGE ALOE CHUNK DRINK – 200ML,Chennai,30.0,0.0,0.0,0.0,0.0,0.0,No Sales
180026087,PINEAPPLE ALOE CHUNK DRINK – 200ML,Chennai,30.0,0.0,0.0,0.0,0.0,0.0,No Sales
180026088,POMEGRANATE ALOE CHUNK DRINK - 200ML,Chennai,30.0,0.0,0.0,0.0,0.0,0.0,No Sales
180026089,BEETROOT VINEGAR-500ML,Chennai,16.0,0.19,3.0,3.0,417.79,417.79,Active Sales
180026095,CREAMFEAST CHOCO BISCUIT 32.5 GM,Chennai,144.0,6.0,864.0,216.0,3577.38,894.35,Active Sales
180026096,CREAMFEAST ELAICHI BISCUIT 32.5 GM,Chennai,144.0,10.0,1440.0,288.0,6106.97,1221.39,Active Sales
180026097,CREAMFEAST ORANGE BISCUIT 32.5 GM,Chennai,144.0,7.5,1080.0,216.0,4626.73,925.35,Active Sales
180026100,CREAMFEAST ORANGE BISCUIT 65 GM,Chennai,72.0,2.0,144.0,72.0,1171.8,585.9,Active Sales
180026101,AJWAIN WITH ALOEVERA - 100 GM (NEW),Chennai,80.0,0.2,16.0,8.0,948.65,474.32,Active Sales
180026102,HING GOLI - 100 GM (NEW),Chennai,80.0,1.23,98.0,9.8,6544.8,654.48,Active Sales
180026103,HING PEDA - 100 GM (NEW),Chennai,80.0,0.3,24.0,6.0,1238.14,309.53,Active Sales
180026104,SHODHIT HARAD - 100 GM (NEW),Chennai,80.0,1.31,105.0,15.0,3538.89,505.56,Active Sales
180026105,ANARDANA GOLI - 100 GM (NEW),Chennai,80.0,1.64,131.0,13.1,4065.18,406.52,Active Sales
180026107,ANTI WRINKLE CREAM 50 G,Chennai,96.0,0.81,78.0,8.67,9315.46,1035.05,Active Sales
180026109,CRACK HEAL CREAM 50 G,Chennai,96.0,0.03,3.0,3.0,140.56,140.56,Active Sales
180026110,HAIR CONDITIONER COLOUR PROTECTION 100 G,Chennai,96.0,0.52,50.0,7.14,2219.73,317.1,Active Sales
180026119,HALDI CHANDAN KANTI BODY CLEANSER 75 G,Chennai,144.0,29.8,4291.0,268.19,91891.2,5743.2,Active Sales
180026120,HERBAL HANDWASH (ANTI BACTERIAL) 200 ML,Chennai,48.0,5.0,240.0,48.0,8883.46,1776.69,Active Sales
180026121,HERBAL HANDWASH (ANTI BACTERIAL) 250 ML,Chennai,30.0,9.0,270.0,16.88,13104.49,819.03,Active Sales
180026123,ORANGE HONEY FACEWASH 60 G,Chennai,96.0,0.06,6.0,6.0,280.08,280.08,Active Sales
180026124,LEMON HONEY FACEWASH 60 G,Chennai,96.0,0.12,12.0,12.0,560.17,560.17,Active Sales
180026125,NEEM KANTI BODY CLEANSER 75 G,Chennai,144.0,11.0,1584.0,226.29,28703.55,4100.51,Active Sales
180026126,PEEDANTAK PAIN RELIEVER 50 G,Chennai,96.0,1.33,128.0,14.22,5843.21,649.25,Active Sales
180026129,KESH KANTI TEL-120 ML,Chennai,72.0,1.86,134.0,12.18,13716.1,1246.92,Active Sales
180026130,HALDI CHANDAN KANTI BODY CLEANSER 150 GM,Chennai,72.0,72.0,5184.0,192.0,218164.19,8080.16,Active Sales
180026131,HERBAL FACIAL FOAM 60 GM,Chennai,96.0,1.21,116.0,6.82,6226.42,366.26,Active Sales
180026132,SOMYA LIQUID DETERGENT 500ML,Chennai,24.0,235.0,5640.0,106.42,388200.39,7324.54,Active Sales
180026134,ALOEVERA KANTI BODY CLEANSER 150 G,Chennai,72.0,66.0,4752.0,264.0,176506.04,9805.89,Active Sales
180026135,NEEM KANTI BODY CLEANSER 150 GM,Chennai,72.0,54.5,3924.0,140.14,147243.43,5258.69,Active Sales
180026136,SWARNA KANTI CREAM-50 G,Chennai,24.0,0.0,0.0,0.0,0.0,0.0,No Sales
180026138,ANTI AGING CREAM-50 G,Chennai,24.0,0.0,0.0,0.0,0.0,0.0,No Sales
180026140,KESH KANTI TEL-300 ML,Chennai,36.0,0.81,29.0,3.22,6273.83,697.09,Active Sales
180026141,SAUNDARYA NEEM TULSI FACE WASH 100-G,Chennai,96.0,1.94,186.0,23.25,13982.85,1747.86,Active Sales
180026142,SAUNDARYA FACE WASH 100 G,Chennai,96.0,7.56,726.0,48.4,60653.97,4043.6,Active Sales
180026143,DANT KANTI DENTAL CREAM (ADVANCE) 50-GM,Chennai,144.0,4.17,600.0,150.0,22021.92,5505.48,Active Sales
180026145,SAUNDARYA BODY LOTION (B)- 100 ML,Chennai,96.0,-0.08,-8.0,-4.0,-577.17,-288.59,Active Sales
180026155,KESH KANTI H. CLEANSER M.PROTEIN 450 ML,Chennai,24.0,2.75,66.0,8.25,9602.34,1200.29,Active Sales
180026156,KESH KANTI HAIR CLEANSER ALOEVERA 450ML,Chennai,24.0,2.12,51.0,3.92,7189.3,553.02,Active Sales
180026158,DANT KANTI ALOEVERA GEL TOOTHPASTE 80 GM,Chennai,96.0,6.12,588.0,58.8,26371.16,2637.12,Active Sales
180026159,SHEETAL OIL- 100 ML (NEW),Chennai,96.0,0.61,59.0,7.38,2849.64,356.21,Active Sales
180026160,SHEETAL HAIR OIL - 50 ML,Chennai,144.0,0.08,12.0,12.0,317.27,317.27,Active Sales
180026165,KESH KANTI H. CLEANSER A.DANDRUFF 450 ML,Chennai,24.0,2.62,63.0,7.88,9557.64,1194.7,Active Sales
180026170,DANT KANTI DENTAL CREAM (ADV) 2X100-GM,Chennai,36.0,12.5,450.0,32.14,52468.42,3747.74,Active Sales
180026177,HERBAL WASH DETERGENT POWDER 5 KG,Chennai,5.0,5.0,25.0,5.0,8735.76,1747.15,Active Sales
180026184,HERBO WASH DETERGENT POWDER 6 KG,Chennai,4.0,5.0,20.0,3.33,9628.54,1604.76,Active Sales
180026185,BALM 25 GM (144 PC),Chennai,144.0,7.38,1062.0,48.27,44605.53,2027.52,Active Sales
180026186,BALM 10 GM (240 PC),Chennai,240.0,0.45,108.0,27.0,2176.98,544.25,Active Sales
180026187,HERBO WASH ADV.DETERGENT POWDER 1 KG,Chennai,12.0,8.25,99.0,12.38,18382.79,2297.85,Active Sales
180026189,SUPER DISH WASH GEL RAKH&LEMON 250ML NEW,Chennai,48.0,23.62,1134.0,47.25,48168.99,2007.04,Active Sales
180026191,DANT KANTI NATURAL(200GX3)BIG SAVER PACK,Chennai,24.0,45.5,1092.0,26.0,245995.08,5857.03,Active Sales
180026193,MEN''S CHARCOAL ACTIVE FACE WASH 100 GM,Chennai,48.0,0.12,6.0,6.0,585.66,585.66,Active Sales
180026200,ALOEVERA GEL FACE WASH 60 ML,Chennai,96.0,0.25,24.0,8.0,1311.83,437.28,Active Sales
180026206,KESH KANTI REETHA HAIR CLEANSER 180 ML,Chennai,36.0,4.0,144.0,48.0,12108.97,4036.32,Active Sales
180026207,KESH KANTI SHIKAKAI HAIR CLEANSER 180 ML,Chennai,36.0,7.67,276.0,46.0,22760.61,3793.43,Active Sales
180026208,KESH KANTI SARSON AMLA HAIR OIL 175 ML,Chennai,48.0,0.0,0.0,0.0,0.0,0.0,No Sales
180026210,LIME FRESH BODY CLEANSER 75 GM,Chennai,144.0,2.51,362.0,51.71,6886.19,983.74,Active Sales
180026214,KESH KANTI ADVANCE H.HAIR EXPERTOIL 30ML,Chennai,48.0,1.75,84.0,12.0,5522.78,788.97,Active Sales
180026216,KESH KANTI ADV. H.H. EXPERT SHAMPO-100ML,Chennai,36.0,0.81,29.0,7.25,2353.51,588.38,Active Sales
180026220,ALOEVERA KANTI BODY CLEANSER-4x45Gx54U,Chennai,54.0,1.0,54.0,18.0,1546.37,515.46,Active Sales
180026221,HALDI CHANDAN KNTI BODY CLNSR.4x45Gx54U,Chennai,54.0,0.0,0.0,0.0,0.0,0.0,No Sales
180026222,NEEM KANTI BODY CLEANSER-4x45Gx54U,Chennai,54.0,0.0,0.0,0.0,0.0,0.0,Active Sales
180026223,HERBO WASH DETERGENT CAKE Rs 10/-,Chennai,72.0,5.0,360.0,90.0,3120.62,780.15,Active Sales
180026226,SUPER DISHWASH BAR-225 G B3G1 FREE,Chennai,12.0,850.0,10200.0,208.16,609027.0,12429.12,Active Sales
180026229,PANCHGAVYA KANTI BODY CLENSER-75 G,Chennai,144.0,5.41,779.0,51.93,18157.26,1210.48,Active Sales
180026230,PANCHGAVYA KANTI BODY CLENSER-150 G,Chennai,72.0,12.83,924.0,36.96,37278.43,1491.14,Active Sales
180026231,MULTANI MITTI BODY CLENSER-75 G,Chennai,144.0,9.67,1392.0,92.8,77202.41,5146.83,Active Sales
180026232,DISHWASH BAR-600G (500G+100G)+SCRUB PAD,Chennai,24.0,45.0,1080.0,40.0,53535.26,1982.79,Active Sales
180026244,BEAUTY CREAM ADV.- 50 G,Chennai,96.0,1.12,108.0,10.8,7896.43,789.64,Active Sales
180026247,MOISTURIZER CREAM-50 G,Chennai,72.0,0.4,29.0,9.67,2216.99,739.0,Active Sales
180026248,ALOE SOFT MOISTURIZING CREAM-50 G,Chennai,72.0,0.33,24.0,6.0,1961.72,490.43,Active Sales
180026249,SUPER DISH WASH GEL LEMON POWER-250 ML,Chennai,48.0,13.25,636.0,39.75,27187.05,1699.19,Active Sales
180026253,GLISTINE HARD SURFACE CLEANER-500 ML,Chennai,12.0,0.17,2.0,1.0,152.78,76.39,Active Sales
180026254,GERMIX FLOR CLEANER HYPOCHLORITE FREE-1L,Chennai,12.0,6.5,78.0,4.88,10203.59,637.72,Active Sales
180026255,GREEN FLUSH TOILET CLEANER LOW HCl-500ML,Chennai,24.0,7.29,175.0,17.5,12692.53,1269.25,Active Sales
180026256,GREEN FLUSH TOILET CLEANR HCl FREE-500ML,Chennai,24.0,1.75,42.0,14.0,3287.15,1095.72,Active Sales
180026257,DANT KANTI NATURAL TP.-300G+BRUSH Rs70/-,Chennai,36.0,28.42,1023.0,51.15,139979.31,6998.97,Active Sales
180026259,KESH K. ADV.H.HAIR EXPERTOIL-100ML C.O,Chennai,24.0,1.29,31.0,7.75,8188.68,2047.17,Active Sales
180026262,DANT KANTI FRESH ACTIVE GELTP.-45G T.O,Chennai,288.0,0.0,0.0,0.0,0.0,0.0,No Sales
180026263,ROSE FACE WASH-100 G,Chennai,48.0,1.58,76.0,6.91,7602.13,691.1,Active Sales
180026264,ORANGE ALOEVERA FACE WASH-100 G,Chennai,48.0,2.33,112.0,11.2,10950.02,1095.0,Active Sales
180026265,SAUNDARYA MULTANI MITTI FACE SCRUB-100G,Chennai,48.0,1.9,91.0,10.11,8836.12,981.79,Active Sales
180026269,MULTANI MITTI BODY CLENSER-75G B3G1 FREE,Chennai,30.0,7.23,217.0,13.56,35474.84,2217.18,Active Sales
180026270,S. MYSORE SANDAL BODY CLEN.-75G B3G1 FRE,Chennai,30.0,2.47,74.0,14.8,11889.93,2377.99,Active Sales
180026271,KESH KANTI AMLA HAIR OIL-200 ML,Chennai,48.0,1.88,90.0,12.86,5858.52,836.93,Active Sales
180026272,KESH KANTI AMLA HAIR OIL-100 ML,Chennai,96.0,0.82,79.0,9.88,2683.8,335.48,Active Sales
180026284,HERBO WASH DETERGENT CAKE-225 G,Chennai,50.0,25.98,1299.0,72.17,27971.93,1554.0,Active Sales
180026285,HERBAL WASH DETERGENT CAKE-225 G,Chennai,50.0,101.98,5099.0,149.97,86827.62,2553.75,Active Sales
180026287,ROSE FACIAL TONER MIST-100 ML,Chennai,48.0,0.31,15.0,15.0,1082.18,1082.18,Active Sales
180026288,SUPER DISH WASH BAR PACK OF 4 @ Rs. 30/-,Chennai,24.0,1.0,24.0,24.0,611.17,611.17,Active Sales
180026289,SAUNDARYA FACE WASH 60G T.O (5+1) AV.GEL,Chennai,16.0,2.12,34.0,6.8,9863.35,1972.67,Active Sales
180026293,UV-PRO ADV.SUN DEFNS CREAM-50G SPF-50T.O,Chennai,12.0,0.0,0.0,0.0,0.0,0.0,No Sales
180026294,DANT KANTI JUNIOR TP.(STRAWBERY)-80G C.O,Chennai,48.0,1.21,58.0,29.0,4030.67,2015.34,Active Sales
180026297,SHOWER GEL(BERRY SPLASH)250ML(B2G1 FREE),Chennai,16.0,0.19,3.0,3.0,1273.23,1273.23,Active Sales
180026298,SHOWER GEL(AQUA PURE)250 ML (B2G1 FREE),Chennai,16.0,0.5,8.0,2.0,3395.28,848.82,Active Sales
180026300,HALDI CHANDAN KANTI BODY CL45G-T.O 48SAC,Chennai,216.0,0.0,0.0,0.0,0.0,0.0,No Sales
180026302,ALOEVERA KANTI BODY CLN.75G-C.O B4G1FREE,Chennai,36.0,33.33,1200.0,46.15,90157.2,3467.58,Active Sales
180026303,HALDI CH.KANTI BODY CLN.75G-C.O B4G1FREE,Chennai,36.0,51.83,1866.0,43.4,155072.61,3606.34,Active Sales
180026304,NEEM KANTI BODY CLN.75G-C.O B4G1 FREE,Chennai,36.0,29.0,1044.0,43.5,77540.69,3230.86,Active Sales
180026309,DANT KANTI RED TP.(PAN FL.)80G+25% EXTRA,Chennai,144.0,1.75,252.0,28.0,11698.22,1299.8,Active Sales
180026368,TEJUS TAILUM 100 ML,Chennai,100.0,0.78,78.0,15.6,4220.55,844.11,Active Sales
180026369,BOROSAFE ANTISEPTIC 50 GM CREAM,Chennai,96.0,0.0,0.0,0.0,0.0,0.0,No Sales
180026370,SAUNDARYA SANDAL BODY CLEANSER 75 G,Chennai,100.0,4.32,432.0,30.86,23751.47,1696.53,Active Sales
180026371,ADVANCE DANT KANTI MANJAN - 100 GM,Chennai,60.0,3.27,196.0,10.89,17594.62,977.48,Active Sales
180026373,KESH KANTI HAIR CLNSR SILK & SHINE 450ML,Chennai,24.0,0.0,0.0,0.0,0.0,0.0,No Sales
180026374,HERBO WASH ADV. MATIC DET. POWDER 500 GM,Chennai,24.0,1.12,27.0,6.75,2466.14,616.53,Active Sales
180026375,LEMON BODY CLEANSER 125 GM (48 PC),Chennai,48.0,5.25,252.0,42.0,11548.27,1924.71,Active Sales
180026376,ROSE BODY CLEANSER 125 GM ( 48 PC),Chennai,48.0,21.58,1036.0,39.85,47014.16,1808.24,Active Sales
180026381,SAUNDARYA ALOEVERA GEL K.CHANDAN 60 ML,Chennai,96.0,7.86,755.0,83.89,41508.41,4612.05,Active Sales
180026382,SAUNDARYA ALOEVERA GEL K. CHANDAN 150 ML,Chennai,60.0,7.48,449.0,28.06,47861.61,2991.35,Active Sales
180026383,ALOEVERA NEEM CUCUMBER FACE PACK 60 GM,Chennai,96.0,0.19,18.0,18.0,1069.43,1069.43,Active Sales
180026389,ROSE BODY CLEANSER 125G C.O. B3G1 FREE,Chennai,30.0,15.8,474.0,18.96,64066.22,2562.65,Active Sales
180026390,LEMON BODY CLEANSER 125G C.O. B3G1 FREE,Chennai,30.0,7.5,225.0,9.0,30968.81,1238.75,Active Sales
180026395,SAUNDARYA HONEY-KESAR BODY CLEANSER-125G,Chennai,48.0,0.0,0.0,0.0,0.0,0.0,No Sales
180026399,AQUA FRESH BODY CLEANSER-125 G,Chennai,48.0,0.5,24.0,8.0,1763.65,587.88,Active Sales
180026401,OAT-ALMOND INTEN.CARE BODY LOTION-100ML,Chennai,72.0,0.42,30.0,10.0,1915.57,638.52,Active Sales
180026402,MULTANI MITTI FACE PACK - 100 G,Chennai,48.0,0.38,18.0,6.0,1844.61,614.87,Active Sales
180026405,AQUA FRESH BODY CLEANSER-125G B3G1 FREE,Chennai,30.0,0.6,18.0,6.0,3838.59,1279.53,Active Sales
180026406,MOGRA BODY CLEANSER-125G B3G1 FREE,Chennai,30.0,0.4,12.0,6.0,2111.37,1055.68,Active Sales
180026407,SAUNDARYA HONEY KESAR BC.-125G B3G1 FREE,Chennai,30.0,0.0,0.0,0.0,0.0,0.0,No Sales
180026428,HERBAL SHAVE GEL 50 G (72 N),Chennai,72.0,0.58,42.0,8.4,2344.37,468.87,Active Sales
180026429,HERBAL SHAVING CREAM 80 G,Chennai,72.0,3.44,248.0,10.78,15840.88,688.73,Active Sales
180026440,TURMERIC CHARCOAL BATHING BAR 125G(B3G1),Chennai,12.0,0.0,0.0,0.0,0.0,0.0,No Sales
180026441,SHEA-SAFRON CREAM BATHING BAR 125G(B3G1),Chennai,12.0,1.0,12.0,12.0,3977.19,3977.19,Active Sales
180026553,KESH KANTI HAIR CLEANSER NATURAL 5.5 ML,Chennai,960.0,43.0,41280.0,1876.36,29969.55,1362.25,Active Sales
180026583,DANTKANTI ADV 100GM-C.P FREE D.K ADV 50G,Chennai,48.0,64.75,3108.0,81.79,204921.11,5392.66,Active Sales
180026697,KESH KANTI SILK&SHINE HAIR CLEANSR 180ML,Chennai,36.0,1.83,66.0,11.0,6022.44,1003.74,Active Sales
180026699,SAUNDARYA ALOEVERA GEL 150ML-B2G1 F.WASH,Chennai,30.0,67.1,2013.0,49.1,371498.82,9060.95,Active Sales
180026709,SUPER DISHWASH BAR-70 G FREE PACK,Chennai,216.0,0.0,0.0,0.0,0.0,0.0,No Sales
180030897,MAKHANA 100 GM,Chennai,10.0,5.0,50.0,16.67,9297.12,3099.04,Active Sales
180030899,PAT CHOLESTEROL CARE LIQUID-500ML,Chennai,12.0,0.0,0.0,0.0,0.0,0.0,No Sales
180030900,PAT ORTHOCARE LIQUID-500ML,Chennai,12.0,0.0,0.0,0.0,0.0,0.0,No Sales
180030919,DANT KANTI NATURAL TOTHPASTE-100GTO.BC.,Chennai,144.0,30.34,4369.0,312.07,219321.8,15665.84,Active Sales
180030950,ANTI BACTERIAL HERBAL HANDWASH 1.5 LTR,Chennai,9.0,0.22,2.0,0.67,339.53,113.18,Active Sales
180030953,SAUNDARYA ALOEVERA GEL 60ML T.O. (5+1),Chennai,16.0,52.25,836.0,26.97,192478.71,6208.99,Active Sales
180030975,CASHEW COOKIES 30 GM,Chennai,144.0,7.0,1008.0,201.6,4318.27,863.65,Active Sales
180030976,BUTTER COOKIES 30 GM,Chennai,144.0,6.0,864.0,288.0,3577.39,1192.46,Active Sales
180030978,AAROGYA BISCUIT 68 GM,Chennai,100.0,7.0,700.0,87.5,5653.2,706.65,Active Sales
180030980,CRUNCHY COCONUT COOKIES 35 GM,Chennai,144.0,10.0,1440.0,240.0,5920.98,986.83,Active Sales
180030982,MARIE BISCUIT 210 G,Chennai,24.0,5.0,120.0,40.0,3047.47,1015.82,Active Sales
180030983,MARIE BISCUIT 70 GM,Chennai,48.0,35.0,1680.0,280.0,14394.24,2399.04,Active Sales
180030986,TWISTY TASTY BISCUIT 30 GM,Chennai,100.0,126.0,12600.0,663.16,53631.42,2822.71,Active Sales
180030987,TWISTY TASTY BISCUIT 60 GM,Chennai,50.0,73.0,3650.0,202.78,30283.05,1682.39,Active Sales
180030992,ALOEVERA JUICE WITH FIBER 1000 ML (NEW),Chennai,12.0,31.17,374.0,13.85,59349.73,2198.14,Active Sales
180030993,AMLA JUICE 1000 ML (NEW),Chennai,12.0,31.33,376.0,14.46,41665.01,1602.5,Active Sales
180030994,AMLA JUICE 500 ML (NEW),Chennai,24.0,6.0,144.0,8.0,8592.72,477.37,Active Sales
180031010,ALOEVERA JUICE WITH FIBER 500 ML (NEW),Chennai,24.0,2.62,63.0,15.75,5328.48,1332.12,Active Sales
180031035,COWS GHEE 450 ML,Chennai,30.0,21.2,636.0,26.5,228313.46,9513.06,Active Sales
180031047,GOND KATIRA 100GM,Chennai,40.0,0.0,0.0,0.0,0.0,0.0,No Sales
180031049,PEEDANIL OINTMENT 25 G,Chennai,144.0,0.07,10.0,10.0,541.7,541.7,Active Sales
180031073,HONEY 1KG (N),Chennai,12.0,68.67,824.0,19.62,260564.84,6203.92,Active Sales
180031087,PATANJALI MUSTARD OIL 850 GM BTL,Chennai,12.0,720.0,8640.0,196.36,1512605.14,34377.39,Active Sales
180031119,SAUNDARYA ALOE GEL KESAR CHANDAN 100ML,Chennai,72.0,0.71,51.0,17.0,3342.67,1114.22,Active Sales
180031120,SAUNDARYA ALOEVERA GEL 100ML,Chennai,72.0,0.0,0.0,0.0,0.0,0.0,No Sales
180031121,ALOEVERA KANTI BODY CLEANSER 150G B3G1,Chennai,24.0,82.0,1968.0,45.77,223902.45,5207.03,Active Sales
180031122,NEEM KANTI BODY CLEANSER 150G B3G1,Chennai,24.0,95.92,2302.0,50.04,260002.39,5652.23,Active Sales
180031123,HALDI CHANDAN KNTI BODY CLNSR 150G B3G1,Chennai,24.0,116.5,2796.0,59.49,353953.04,7530.92,Active Sales
180031129,PATANJALI BABAJI SAFFRON 1 G,Chennai,48.0,0.38,18.0,9.0,5024.0,2512.0,Active Sales
180031130,PATANJALI BABAJI SAFFRON 500 MG,Chennai,48.0,0.19,9.0,4.5,1405.15,702.58,Active Sales
180031137,GARLIC PICKLE 200G,Chennai,48.0,0.0,0.0,0.0,0.0,0.0,No Sales
180031138,LEMON PICKLE 200G,Chennai,48.0,0.0,0.0,0.0,0.0,0.0,No Sales
180031139,SPL. CHYAWANPRAS 500G- FREE HING 10G,Chennai,24.0,4.88,117.0,13.0,15922.57,1769.17,Active Sales
180031142,AMLA JUICE 500ML -FREE WITH HONEY 500G,Chennai,20.0,0.0,0.0,0.0,0.0,0.0,Active Sales
180031154,D.K.NATURALTP.43G TO.B12G1FLEXI T.BRUSH,Chennai,288.0,10.0,2880.0,261.82,48851.73,4441.07,Active Sales
180031169,D.K.NAT.TP.18G RS10 TO.FRESH A.GELTP.45G,Chennai,288.0,13.71,3948.0,493.5,33924.33,4240.54,Active Sales
180031176,DANT KANTI NATURAL TP.43G TO.B11+1FREE,Chennai,330.0,4.68,1543.0,220.43,26513.42,3787.63,Active Sales
180031212,KESH KANTI H.C. ALOEVERA WITH NEEM-5.7ML,Chennai,960.0,50.0,48000.0,3692.31,36978.14,2844.47,Active Sales
180031224,MULTANI MITTI FACE PACK -60G,Chennai,96.0,0.25,24.0,6.0,1527.86,381.96,Active Sales
180031230,ORANGE ALOEVERA FACE WASH-60G (NEW),Chennai,96.0,0.33,32.0,10.67,1858.89,619.63,Active Sales
180031247,DANT KANTI NATURAL TP.-200G CO.BRUSH ₹18,Chennai,72.0,74.33,5352.0,133.8,489243.04,12231.08,Active Sales
180031253,PATANJALI GROUNDNUT OIL 750 GM PP,Chennai,12.0,342.08,4105.0,77.45,642878.61,12129.79,Active Sales
180031255,PATANJALI MUSTARD OIL 750 GM PP,Chennai,12.0,75.42,905.0,69.62,135973.2,10459.48,Active Sales
180031257,PATANJALI FORT.SOYABEAN OIL 750 GM PP,Chennai,12.0,20.0,240.0,26.67,35921.09,3991.23,Active Sales
180031260,HERBO WASH DETERGENT POWDER-900G,Chennai,25.0,214.0,5350.0,133.75,433414.92,10835.37,Active Sales
180031261,HERBO WASH DETERGENT POWDER- 450 G,Chennai,40.0,58.0,2320.0,128.89,94187.15,5232.62,Active Sales
180031262,HERBAL WASH DETERGENT POWDER- 900G,Chennai,25.0,228.0,5700.0,114.0,383367.95,7667.36,Active Sales
180031331,ANTI BACTERIAL HERBAL HANDWASH - 675ML,Chennai,12.0,26.0,312.0,13.0,26198.03,1091.58,Active Sales
180031340,ALOEVERA HANDWASH - 675ML,Chennai,12.0,2.0,24.0,12.0,2099.5,1049.75,Active Sales
180031364,HALDI CHANDAN KNTI BODY CLNSR-75G(CHP),Chennai,72.0,3.75,270.0,54.0,0.0,0.0,Active Sales
180031390,D.K. MEDICATED ORAL GEL-100G TO.24N FREE,Chennai,72.0,31.67,2280.0,67.06,69557.08,2045.8,Active Sales
180031392,KESH K.HAIR CLENSR NATURAL 180ML C.O B.C,Chennai,36.0,36.83,1326.0,53.04,99144.27,3965.77,Active Sales
180031393,KESH K.A.DANDRUFF H.CLENSR 180ML C.O B.C,Chennai,36.0,36.33,1308.0,54.5,126592.03,5274.67,Active Sales
180031394,KESH K.REETHA HAIR CLENSR 180ML C.O B.C,Chennai,36.0,13.83,498.0,29.29,44924.24,2642.6,Active Sales
180031395,KESH K.HAIR CLENSR M.PROTIN-180MLC.O B.C,Chennai,36.0,27.0,972.0,38.88,85911.05,3436.44,Active Sales
180031396,KESH K.ALOE. HAIR CLEANSER 180ML C.O B.C,Chennai,36.0,46.83,1686.0,62.44,149736.56,5545.8,Active Sales
180031397,KESH K.SILK&SHINE H.CLENSR 180ML C.O B.C,Chennai,36.0,5.17,186.0,46.5,16558.37,4139.59,Active Sales
180031398,KESH K.SHIKAKAI HAIR CLENSR 180MLC.O B.C,Chennai,36.0,24.67,888.0,38.61,79327.53,3449.02,Active Sales
180031405,DANT KANTI NAT.TP.100G CO.NORMAL T.BRUSH,Chennai,144.0,93.16,13415.0,304.89,644614.47,14650.33,Active Sales
180031416,DESI SHAKKAR 1 KG,Chennai,12.0,1.0,12.0,12.0,1183.9,1183.9,Active Sales
180031418,DESI SHAKKAR 500 GM,Chennai,24.0,1.0,24.0,24.0,1291.5,1291.5,Active Sales
180031523,SUPER DISHWASH BAR-Rs10/- (T.O. FREE_3N),Chennai,60.0,617.2,37032.0,949.54,318769.27,8173.57,Active Sales
180031550,SUPER DISH WASH BAR PACK OF 4 @ ₹ 30/-,Chennai,24.0,15.0,360.0,72.0,9549.49,1909.9,Active Sales
180031563,HERBAL WASH DETERGENT CAKE-120G(Rs.10/-),Chennai,72.0,30.0,2160.0,270.0,18539.98,2317.5,Active Sales
3053,Divya Madhukalp Vati 80 Tab,Chennai,400.0,0.0,0.0,0.0,0.0,0.0,No Sales
3061,Mulethi Kwath 100 Gm,Chennai,50.0,0.0,0.0,0.0,0.0,0.0,No Sales
3081,Divya Vrikkdoshhar Vati 40 Tab,Chennai,400.0,0.0,0.0,0.0,0.0,0.0,No Sales
70394,AASTHA AGARBATTI TATHASTU - 18 STICK,Chennai,432.0,0.0,0.0,0.0,0.0,0.0,No Sales
70505,AASTHA HAWAN SAMAGRI 250 GM,Chennai,96.0,-0.1,-10.0,-10.0,-444.47,-444.47,Active Sales
70659,SAUNDARYA NOURISHING CREAM 50 G,Chennai,72.0,0.0,0.0,0.0,0.0,0.0,No Sales
70826,AASTHA JAVADU POWDER NILGIRI,Chennai,288.0,0.67,193.0,193.0,28592.76,28592.76,Active Sales
73605,AASTHA ROYAL BLACK PEARL AGARBATTI- 16 G,Chennai,432.0,0.0,0.0,0.0,0.0,0.0,No Sales
73752,AASTHA BLACK PEARL DHOOP -20 N,Chennai,120.0,0.7,84.0,42.0,1515.27,757.63,Active Sales
73760,AASTHA GANGAJAL -100 ML,Chennai,48.0,0.0,0.0,0.0,0.0,0.0,No Sales
73867,MOISTURIZER CREAM-50 G,Chennai,72.0,0.51,37.0,9.25,2942.9,735.73,Active Sales
73983,SAUNDARYA EYE LINER PEN 1.2 ML,Chennai,48.0,0.0,0.0,0.0,0.0,0.0,No Sales
73984,SAUNDARYA EYE LINER GEL 3 ML,Chennai,48.0,0.06,3.0,3.0,499.99,499.99,Active Sales
73994,AASTHA RED ROSE DHOOP -20 N,Chennai,120.0,0.0,0.0,0.0,0.0,0.0,No Sales
73995,AASTHA MYSORE SANDAL DHOOP -20 N,Chennai,120.0,0.0,0.0,0.0,0.0,0.0,No Sales
74099,AASTHA PINEAPPLE DHOOP -20 N,Chennai,120.0,0.0,0.0,0.0,0.0,0.0,No Sales
74128,AASTHA KESAR CHANDAN GEELA TIKA - 60 G,Chennai,72.0,0.0,0.0,0.0,0.0,0.0,No Sales
74129,AASTHA LAL CHANDAN GEELA TIKA - 60 G,Chennai,72.0,0.0,0.0,0.0,0.0,0.0,No Sales
74140,ROSE FACIAL TONER MIST-100 ML,Chennai,48.0,0.0,0.0,0.0,0.0,0.0,No Sales
74147,AASTHA ASHTAGANDHA -25 GM,Chennai,288.0,0.0,0.0,0.0,0.0,0.0,No Sales
74268,AASTHA HANDMADE AGARBATTI ADI KEDAR-50N,Chennai,36.0,0.0,0.0,0.0,0.0,0.0,No Sales
74269,AASTHA HANDMADE AGARBATTI GAURA-50N,Chennai,36.0,0.94,34.0,17.0,8657.25,4328.62,Active Sales
74270,AASTHA HANDMADE AGARBATTI KRISHNA-50N,Chennai,36.0,0.0,0.0,0.0,0.0,0.0,No Sales
74277,AASTHA BACKFLOW DHOOP CONE LOBAN-160 GM,Chennai,36.0,0.0,0.0,0.0,0.0,0.0,No Sales
74517,AASTHA BACKFLOW DHOOPCONE VRINDAVAN-160G,Chennai,36.0,0.0,0.0,0.0,0.0,0.0,No Sales
80551,Haridra Khand 100 Gm,Chennai,100.0,0.0,0.0,0.0,0.0,0.0,No Sales
80557,Kaishore Guggul 40 Tab,Chennai,400.0,0.0,0.0,0.0,0.0,0.0,No Sales
80566,Divya Peedantak Vati 40 Tab,Chennai,400.0,0.0,0.0,0.0,0.0,0.0,No Sales
80568,Divya Swasari Ras 10 Gm,Chennai,500.0,0.0,0.0,0.0,0.0,0.0,No Sales
81441,Akik Pishti 5 Gm,Chennai,500.0,0.0,0.0,0.0,0.0,0.0,No Sales
81461,Divya Ashmarihar Ras 50 Gm,Chennai,400.0,0.0,0.0,0.0,0.0,0.0,No Sales
81469,Divya Peedantak Kwath 100 Gm,Chennai,50.0,0.0,0.0,0.0,0.0,0.0,No Sales
81470,Divya Peedantak Vati 80 Tab,Chennai,400.0,0.0,0.0,0.0,0.0,0.0,No Sales
81476,Ekangveer Ras 10 Gm,Chennai,500.0,0.0,0.0,0.0,0.0,0.0,No Sales
81483,Hazrulyahud Bhasma 5 Gm,Chennai,500.0,0.0,0.0,0.0,0.0,0.0,No Sales
81484,Heerak Bhasma (300mg) 0.3 Gm,Chennai,300.0,0.0,0.0,0.0,0.0,0.0,No Sales
81485,Jaharmohra Pishti 5 Gm,Chennai,500.0,0.0,0.0,0.0,0.0,0.0,No Sales
81491,Kanchnar Guggul 80 Tab,Chennai,400.0,0.0,0.0,0.0,0.0,0.0,No Sales
81492,Kapardak Bhasma 5 Gm,Chennai,500.0,0.0,0.0,0.0,0.0,0.0,No Sales
81494,DIVYA KAHARAVA PISHTI- 5GM,Chennai,500.0,0.0,0.0,0.0,0.0,0.0,No Sales
81498,Kumar Kalyan Ras 1 Gm,Chennai,300.0,0.0,0.0,0.0,0.0,0.0,No Sales
81502,Lakshadi Guggul 40 Tab,Chennai,400.0,0.0,0.0,0.0,0.0,0.0,No Sales
81503,Lauh Bhasma 5 Gm,Chennai,500.0,0.0,0.0,0.0,0.0,0.0,No Sales
81504,Lavangadi Vati 80 Tab,Chennai,400.0,0.0,0.0,0.0,0.0,0.0,No Sales
81511,Mahavat Vidhvansan Ras 10 Gm,Chennai,500.0,0.0,0.0,0.0,0.0,0.0,No Sales
81522,Shila Sindoor Ras 1 Gm,Chennai,3000.0,0.0,0.0,0.0,0.0,0.0,No Sales
81532,NAVAYAS LAUH 10 GM,Chennai,500.0,0.0,0.0,0.0,0.0,0.0,No Sales
81540,PANCHAMRIT PARPATI 5GM,Chennai,500.0,0.0,0.0,0.0,0.0,0.0,No Sales
81546,Tal Sindoor 1 Gm,Chennai,3000.0,0.0,0.0,0.0,0.0,0.0,No Sales
81547,Praval Panchamrit Ras 5 Gm,Chennai,500.0,0.0,0.0,0.0,0.0,0.0,No Sales
81548,Tamra Bhasma 1 Gm,Chennai,3000.0,0.0,0.0,0.0,0.0,0.0,No Sales
81550,Tamra Sindoor 1 Gm,Chennai,3000.0,0.0,0.0,0.0,0.0,0.0,No Sales
81552,Tankan Bhasma 5 Gm,Chennai,500.0,0.02,10.0,10.0,124.95,124.95,Active Sales
81553,DIVYA PTRANGASAVA - 450ML,Chennai,20.0,0.0,0.0,0.0,0.0,0.0,No Sales
81554,Totala Kwath 100 Gm,Chennai,50.0,0.0,0.0,0.0,0.0,0.0,No Sales
81560,Triphala Guggul 40 Tab,Chennai,400.0,0.0,0.0,0.0,0.0,0.0,No Sales
81565,Rajat Bhasma 2 Gm,Chennai,300.0,0.0,0.0,0.0,0.0,0.0,No Sales
81566,Ras Manikya 1 Gm,Chennai,3000.0,0.0,0.0,0.0,0.0,0.0,No Sales
81569,Triyodashang Guggul 40 Tab,Chennai,400.0,0.0,0.0,0.0,0.0,0.0,No Sales
81574,DIVYA USIRASAVA - 450ML,Chennai,20.0,0.0,0.0,0.0,0.0,0.0,No Sales
81577,Sangeyasav Pishti 5 Gm,Chennai,500.0,0.0,0.0,0.0,0.0,0.0,No Sales
81585,Sarivadi Vati 160 Tab,Chennai,400.0,0.0,0.0,0.0,0.0,0.0,No Sales
81586,Shankh Bhasma 5 Gm,Chennai,500.0,0.0,0.0,0.0,0.0,0.0,No Sales
81592,Yogendra Ras 1 Gm,Chennai,300.0,0.0,0.0,0.0,0.0,0.0,No Sales
81596,Kaishore Guggul 80 Tab,Chennai,400.0,0.0,0.0,0.0,0.0,0.0,No Sales
81614,Gokshuradi Guggul 80 Tab,Chennai,400.0,0.0,0.0,0.0,0.0,0.0,No Sales
81848,Divya Denguenil Vati 80 Tab.,Chennai,400.0,0.0,0.0,0.0,0.0,0.0,No Sales
82898,DIVYA CARDIOGRIT GOLD 20 N - T,Chennai,100.0,0.0,0.0,0.0,0.0,0.0,No Sales
82903,DIVYA SANTATI SUDHA 60 N - T,Chennai,200.0,0.0,0.0,0.0,0.0,0.0,No Sales
83031,JIGGLE WIGGLE TOOTHBRUSH - T,Chennai,72.0,0.0,0.0,0.0,0.0,0.0,No Sales
83032,JUNIOR SMILEY TOOTHBRUSH - T,Chennai,240.0,0.0,0.0,0.0,0.0,0.0,No Sales
83036,DIVYA MELANOGRIT 3 U X 20 - T,Chennai,160.0,0.0,0.0,0.0,0.0,0.0,No Sales
83378,DIVYA VRIDDHIVADHIKA VATI 160 N- T,Chennai,400.0,0.0,0.0,0.0,0.0,0.0,No Sales
83383,DIVYA SINGHNAD GUGGUL 80 N -T,Chennai,400.0,0.0,0.0,0.0,0.0,0.0,No Sales
83444,DIVYA WEIGHTGO TABLET 60 N -T,Chennai,30.0,0.0,0.0,0.0,0.0,0.0,No Sales
83511,DIVYA KAYAKALP TAILA ADVANCE 100 ML,Chennai,100.0,0.0,0.0,0.0,0.0,0.0,No Sales
83550,Divya Cologrit 3 U X 20 N -T,Chennai,160.0,0.0,0.0,0.0,0.0,0.0,No Sales
83644,SANJEEVANI VATI 160 N,Chennai,400.0,0.0,0.0,0.0,0.0,0.0,No Sales
83720,DIVYA DENGUENIL VATI 80 TABLETS-T,Chennai,400.0,0.0,0.0,0.0,0.0,0.0,No Sales
83751,DIVYA KANTILEP 50 G,Chennai,200.0,0.0,0.0,0.0,0.0,0.0,No Sales
83803,AMRIT SROT COPPER JUG WT GLASS 1700 ML-T,Chennai,6.0,0.0,0.0,0.0,0.0,0.0,No Sales
83810,PANCHAMRIT LAUH GUGGUL 120 N,Chennai,400.0,0.0,0.0,0.0,0.0,0.0,No Sales
84110,AASTHA AIR FRESHNER (PBSMRF)MIX 250 ML-T,Chennai,36.0,0.03,1.0,0.33,105.74,35.25,Active Sales
84129,DIVYA MAKARDHWAJ 2 G -T,Chennai,300.0,0.0,0.0,0.0,0.0,0.0,No Sales
84150,DIVYA PANCOGRIT 60 TABLET-T,Chennai,160.0,0.0,0.0,0.0,0.0,0.0,No Sales
84152,DIVYA HAEMOGRIT VITAL 60 TABLET-T,Chennai,160.0,0.0,0.0,0.0,0.0,0.0,No Sales
84153,DIVYA AUROGRIT TABLET 60N-T,Chennai,160.0,0.0,0.0,0.0,0.0,0.0,No Sales
84196,MAHA NARAYAN TAILA 100 ML - T,Chennai,100.0,0.0,0.0,0.0,0.0,0.0,No Sales
84200,KUSHA AASANA KIT (WOOLEN & FUR) - T,Chennai,1.0,0.0,0.0,0.0,0.0,0.0,No Sales
84272,DIVYA PUNRGRIT 3 U X 20 N - T,Chennai,160.0,0.0,0.0,0.0,0.0,0.0,No Sales
8811000004,DIVYA DANT KANTI GANDHUSH OIL PULLING 90 ML,Chennai,72.0,0.04,3.0,3.0,257.51,257.51,Active Sales
8811000024,DIVYA PEEDANIL ROLL ON 40 GM,Chennai,90.0,0.28,25.0,12.5,2333.37,1166.68,Active Sales
8852000005,DIVYA LIVOGRIT 60 N - T,Chennai,160.0,0.12,20.0,20.0,4197.69,4197.69,Active Sales
8852000007,DIVYA MADHUGRIT 60 N - T,Chennai,160.0,0.41,66.0,22.0,15515.42,5171.81,Active Sales
8852000008,DIVYA BPGRIT 60 N - T,Chennai,160.0,0.16,25.0,12.5,4777.5,2388.75,Active Sales
8852000010,DIVYA ORTHOGRIT 60 N - T,Chennai,160.0,0.12,20.0,20.0,5748.33,5748.33,Active Sales
8852000019,DIVYA SWASARI GOLD 20 N - T,Chennai,120.0,0.21,25.0,8.33,8531.25,2843.75,Active Sales
8854000077,DIVYA KANTILEP 50 G,Chennai,200.0,0.0,0.0,0.0,0.0,0.0,No Sales
8855000143,GASHER CHURAN - 100 GM - T,Chennai,100.0,0.4,40.0,20.0,3470.99,1735.49,Active Sales
8855000146,GULKAND - 400 GM - T,Chennai,24.0,49.58,1190.0,66.11,134625.21,7479.18,Active Sales
8855000147,DIVYA SWASARI PRAVAHI - 250 ML - T,Chennai,40.0,13.9,556.0,29.26,36364.82,1913.94,Active Sales
8855000242,DIVYA MADHUNASHNI VATI EX.POWER 30X4 TAB,Chennai,160.0,2.04,327.0,17.21,55236.82,2907.2,Active Sales
8855000244,DIVYA MEDOHAR VATI -100 TAB,Chennai,200.0,0.14,28.0,7.0,2462.67,615.67,Active Sales
8855000245,DIVYA MUKTA VATI EXTRA POWER 30X4 TAB,Chennai,160.0,1.38,220.0,15.71,36310.18,2593.58,Active Sales
8855000246,TRIPHALA CHURNA -100GM,Chennai,100.0,2.4,240.0,17.14,10151.45,725.1,Active Sales
8855000249,CHANDRAPRABHA VATI - 40 TAB,Chennai,400.0,0.3,119.0,19.83,4640.07,773.35,Active Sales
8855000250,CHANDRAPRABHA VATI - 80 TAB,Chennai,400.0,0.18,72.0,18.0,7581.81,1895.45,Active Sales
8855000254,DIVYA KAYAKALP VATI EXTRA POWER 80 TAB,Chennai,400.0,0.06,22.0,7.33,2085.89,695.3,Active Sales
8855000358,DIVYA ASHWAGANDHARISHTA - 450 ML,Chennai,20.0,0.0,0.0,0.0,0.0,0.0,No Sales
8855000361,DIVYA HINGVASHTAK CHURNA - 100 G,Chennai,100.0,0.1,10.0,10.0,1208.34,1208.34,Active Sales
8855000517,DIVYA SWASARI VATI 80 TAB - T,Chennai,400.0,0.04,17.0,4.25,1622.03,405.51,Active Sales
8855000660,KATARANI RICE 5 KG (BOPP) 8*5 Kg - TP,Chennai,8.0,0.0,0.0,0.0,0.0,0.0,No Sales
8855000662,SONA MASOORI RICE 1 KG - TP,Chennai,20.0,0.25,5.0,1.67,414.91,138.3,Active Sales
8857000001,DIVYA GODHAN ARK - 450ML,Chennai,20.0,16.25,325.0,16.25,15582.25,779.11,Active Sales
8857000006,DIVYA AMLA CHURNA - 100 GM,Chennai,100.0,0.25,25.0,25.0,1201.99,1201.99,Active Sales
8857000013,DIVYA HARITAKI CHURNA - 100 GM,Chennai,100.0,0.16,16.0,2.29,533.4,76.2,Active Sales
8857000015,DIVYA JWAR NASHAK VATI 40 TABLETS,Chennai,400.0,0.0,0.0,0.0,0.0,0.0,No Sales
8857000018,DIVYA LAVAN BHASKAR CHURNA - 100 GM,Chennai,100.0,0.0,0.0,0.0,0.0,0.0,No Sales
8857000021,DIVYA MAHASUDARSHAN GHAN VATI 60 TABLETS,Chennai,400.0,0.15,60.0,30.0,4883.55,2441.78,Active Sales
8857000028,DIVYA SARVAKALP KWATH 100 G,Chennai,100.0,0.25,25.0,25.0,729.23,729.23,Active Sales
8857000031,DIVYA SITOPALADI CHURNA - 25 GM,Chennai,500.0,0.03,15.0,15.0,624.96,624.96,Active Sales
8857000033,DIVYA SWASARI KWATH 100 G,Chennai,50.0,0.0,0.0,0.0,0.0,0.0,Active Sales
8857000038,DIVYA VATARI CHURNA 100 G,Chennai,100.0,0.0,0.0,0.0,0.0,0.0,No Sales
8857000041,DIVYA ASHWAGANDHA CHURNA - 100 GM,Chennai,100.0,-0.15,-15.0,-3.75,-1139.05,-284.76,Active Sales
8857000042,DIVYA HARIDRAKHAND 100G,Chennai,100.0,0.1,10.0,10.0,708.33,708.33,Active Sales
8857000044,DIVYA ARJUN KWATH 100G,Chennai,50.0,0.2,10.0,10.0,333.38,333.38,Active Sales
8857000045,DIVYA ASHOKARISHTA 450ML,Chennai,20.0,0.25,5.0,5.0,625.01,625.01,Active Sales
8857000049,DIVYA KUMARYASAVA 450ML,Chennai,20.0,-0.35,-7.0,-2.33,-800.34,-266.78,Active Sales
8857000057,DIVYA SHUDH SHILAJEET 20 G,Chennai,100.0,0.1,10.0,10.0,1083.29,1083.29,Active Sales
8857000062,DIVYA ARJUNARISHTA - 450ML,Chennai,20.0,0.0,0.0,0.0,0.0,0.0,No Sales
8857000065,DIVYA ARVINDASAVA - 225ML,Chennai,40.0,0.0,0.0,0.0,0.0,0.0,No Sales
8857000071,DIVYA CHIRAYTA KWATH -100 GM,Chennai,50.0,0.0,0.0,0.0,0.0,0.0,No Sales
8857000073,DIVYA DASHMOOL KWATH -100GM,Chennai,50.0,0.0,0.0,0.0,0.0,0.0,No Sales
8857000074,DIVYA AMLA RASAYAN 100GM,Chennai,100.0,0.0,0.0,0.0,0.0,0.0,No Sales
8857000077,DIVYA ASHMARIHAR KWATH - 100GM,Chennai,50.0,0.0,0.0,0.0,0.0,0.0,No Sales
8857000089,DIVYA GILOY SAT - 10 GM,Chennai,500.0,0.0,0.0,0.0,0.0,0.0,No Sales
8857000108,DIVYA KUTJARISHTA - 450ML,Chennai,20.0,0.0,0.0,0.0,0.0,0.0,No Sales
8857000110,DIVYA LAKSHADI GUGGUL - 40 TAB,Chennai,400.0,0.0,0.0,0.0,0.0,0.0,No Sales
8857000117,DIVYA MAHARASNADI KWATH -100 GM,Chennai,50.0,0.2,10.0,10.0,291.69,291.69,Active Sales
8857000123,DIVYA MUKTA PISHTI - 3GM,Chennai,500.0,0.0,0.0,0.0,0.0,0.0,No Sales
8857000134,DIVYA SHUDDH KONCH BEEJ CHURNA 100GM,Chennai,100.0,0.0,0.0,0.0,0.0,0.0,No Sales
8857000142,DIVYA NIRGUNDI KWATH - 100 GM,Chennai,50.0,0.0,0.0,0.0,0.0,0.0,No Sales
8857000147,DIVYA PARIJAAT KWATH -100 GM,Chennai,50.0,0.0,0.0,0.0,0.0,0.0,No Sales
8857000159,DIVYA PTRANGASAVA - 450ML,Chennai,20.0,0.0,0.0,0.0,0.0,0.0,No Sales
8857000160,DIVYA TOTLA KWATH -100GM,Chennai,50.0,0.0,0.0,0.0,0.0,0.0,No Sales
8857000166,DIVYA TRIPHALA GUGGUL- 40 TAB,Chennai,400.0,0.11,45.0,9.0,1500.19,300.04,Active Sales
8857000178,DIVYA USIRASAVA - 450ML,Chennai,20.0,0.0,0.0,0.0,0.0,0.0,No Sales
8857000184,DIVYA VIDANGASAVA - 450ML,Chennai,20.0,0.5,10.0,10.0,1225.04,1225.04,Active Sales
8857000193,DIVYA VRIDHIVADHIKA VATI - 80 TAB,Chennai,400.0,0.0,0.0,0.0,0.0,0.0,No Sales
8857000217,DIVYA SHIVLINGI BEEJ 100 GM - T ( 30 PC),Chennai,30.0,0.0,0.0,0.0,0.0,0.0,No Sales
8857000218,DIVYA MAHATRIPHALADI GHRIT 200 GM (20PC),Chennai,20.0,0.0,0.0,0.0,0.0,0.0,No Sales
8857000223,DIVYA DHARA 10 ML (800 PC),Chennai,800.0,0.9,720.0,80.0,23264.87,2584.99,Active Sales
8857000224,DIVYA JATYADI GHRIT 200 GM (20 PC),Chennai,20.0,0.1,2.0,2.0,558.33,558.33,Active Sales
8857000226,DIVYA PHAL GHRIT 200 GM (20 PC),Chennai,20.0,0.0,0.0,0.0,0.0,0.0,No Sales
8857000243,DIVYA BRAHMI GHRIT 200 GM (20 PC) - T,Chennai,20.0,0.0,0.0,0.0,0.0,0.0,No Sales
8857000244,DIVYA DURVADI GHRIT 200 GM (20 PC) - T,Chennai,20.0,0.0,0.0,0.0,0.0,0.0,No Sales
8857000245,DIVYA JEEVANTYADI GHRIT 200 GM (20 PC)-T,Chennai,20.0,0.0,0.0,0.0,0.0,0.0,No Sales
8857000249,DIVYA LIPIDOM TABLET 60 N - T,Chennai,200.0,0.1,20.0,10.0,4702.95,2351.48,Active Sales
8857000252,DIVYA THYROGRIT TABLET 60 N - T,Chennai,200.0,0.15,31.0,6.2,7046.91,1409.38,Active Sales
8857000264,DIVYA PROSTOGRIT TABLET 60 N - T,Chennai,200.0,0.1,20.0,10.0,5504.32,2752.16,Active Sales
8857000271,DIVYA KANTHAMRIT CHEWABLE TABLET 80 N -T,Chennai,200.0,0.12,23.0,7.67,1353.21,451.07,Active Sales
8857000276,DIVYA SHILAJEET DROPS 30 ML - T,Chennai,90.0,0.0,0.0,0.0,0.0,0.0,No Sales
8857000280,DIVYA EARGRIT GOLD 20 N - T,Chennai,100.0,0.02,2.0,2.0,786.14,786.14,Active Sales
8857000289,DIVYA PRARABDHESHTI (HAWAN SAMAGRI)400GT,Chennai,12.0,0.0,0.0,0.0,0.0,0.0,No Sales
8857000319,DIVYA WEIGHTGO TABLET 60 N -T,Chennai,30.0,0.0,0.0,0.0,0.0,0.0,No Sales
8857000322,DIVYA PEEDANIL TAILA 100 ML-T,Chennai,100.0,0.74,74.0,24.67,6166.48,2055.49,Active Sales
8857000333,DIVYA HRIDYAMRIT VATI EXTRA POWER DS 40N,Chennai,400.0,0.12,50.0,25.0,7268.1,3634.05,Active Sales
8857000340,DIVYA FEVOGRIT 60 TABLET-T,Chennai,160.0,0.0,0.0,0.0,0.0,0.0,No Sales
8857000347,DIVYA UTINIL TABLET 3U X 10N -T,Chennai,160.0,0.0,0.0,0.0,0.0,0.0,No Sales
8857000351,DIVYA SWASARI AVALEHA 100 G - T,Chennai,24.0,0.0,0.0,0.0,0.0,0.0,No Sales
8857000352,DIVYA LIPIDOM ADVANCE 3 U X 20 N,Chennai,160.0,0.07,11.0,5.5,3648.3,1824.15,Active Sales
8861000004,DIVYA MANJAN 100 G,Chennai,100.0,0.56,56.0,8.0,4293.5,613.36,Active Sales
8861000011,DIVYA CHURNA -100GM,Chennai,100.0,0.05,5.0,5.0,250.01,250.01,Active Sales
8861000060,ROGHAN BADAM SHIRIN - 60 ML - T,Chennai,90.0,0.56,50.0,8.33,7241.67,1206.94,Active Sales
8861000061,ROGHAN BADAM SHIRIN - 150 ML - T,Chennai,54.0,0.28,15.0,7.5,4859.99,2429.99,Active Sales
8861000076,DIVYA NARI KANTI SYRUP 200 ML -T,Chennai,30.0,0.0,0.0,0.0,0.0,0.0,No Sales
8861000079,DIVYA IMMUNOGRIT KWATH 150 G (JAR) -T,Chennai,60.0,0.0,0.0,0.0,0.0,0.0,No Sales
8861000081,Divya Renogrit 3 U X 20 N -T,Chennai,160.0,0.0,0.0,0.0,0.0,0.0,No Sales
8861000082,BALA TAILA 100 ML (100 PCS)-T,Chennai,100.0,0.0,0.0,0.0,0.0,0.0,No Sales
8863000001,GONYLE FLOOR CLEANER - 1 LTR,Chennai,12.0,645.75,7749.0,143.5,482563.35,8936.36,Active Sales
8863000002,GONYLE FLOOR CLEANER - 5 LTR,Chennai,4.0,5.25,21.0,5.25,5882.28,1470.57,Active Sales
9011000028,AASTHA GUGAL CONE DHOOP ( NEW)- 80 GM,Chennai,96.0,0.0,0.0,0.0,0.0,0.0,No Sales
9954000010,BODY UBTAN 100 G,Chennai,60.0,0.73,44.0,11.0,2016.78,504.2,Active Sales
9954000011,COCONUT OIL 200 ML (B),Chennai,36.0,14.0,504.0,25.2,50250.58,2512.53,Active Sales
9954000166,HERBAL SUHAG TEEKA (NEW),Chennai,48.0,0.25,12.0,12.0,769.2,769.2,Active Sales
9954000384,SHIKAKAI POWDER 100 G,Chennai,24.0,0.42,10.0,5.0,458.32,229.16,Active Sales
9955000054,BROWN BASMATI RICE JAR 1 KG,Chennai,20.0,1.0,20.0,20.0,2216.76,2216.76,Active Sales
9955000478,CURCUMIN GOLD 95 TABLET,Chennai,30.0,0.0,0.0,0.0,0.0,0.0,No Sales
9955000561,SHAKTI MINI MONGRA-2 BASMATI RICE 30 KG,Chennai,1.0,0.0,0.0,0.0,0.0,0.0,No Sales
9958000046,YOUVAN GOLD PLUS CAPSULE,Chennai,24.0,0.0,0.0,0.0,0.0,0.0,No Sales
9958000050,DRISHTI EYE DROP 10 ML (NEW),Chennai,160.0,1.0,160.0,32.0,2119.71,423.94,Active Sales
9958000051,GILOY GHAN VATI 60 PC (NEW),Chennai,96.0,1.77,170.0,28.33,11313.88,1885.65,Active Sales
9958000056,SHILAJIT - 11 GM (STRIP),Chennai,120.0,1.25,150.0,18.75,10159.0,1269.88,Active Sales
9958000057,ASHVAGANDHA -11 GM (STRIP),Chennai,120.0,1.5,180.0,20.0,11151.67,1239.07,Active Sales
9958000066,ASHVASHILA -11 GM (STRIP),Chennai,120.0,0.33,40.0,20.0,2826.11,1413.06,Active Sales
9958000075,SAUMYA EYE DROP 10 ML,Chennai,160.0,0.4,64.0,32.0,1537.44,768.72,Active Sales
9958000089,TULSI GHANVATI 60 N,Chennai,96.0,0.34,33.0,16.5,2800.29,1400.14,Active Sales
9958000099,EARGRIT EARDROP 15 ML,Chennai,160.0,0.44,70.0,14.0,4887.7,977.54,Active Sales
9958000101,SWET MUSHLI CHURNA 100G (Ayu.Medicine),Chennai,25.0,1.08,27.0,9.0,10051.5,3350.5,Active Sales
9958000103,EYEGRIT EYE DROP 10 ML,Chennai,160.0,1.0,160.0,26.67,4643.71,773.95,Active Sales
9963000101,AASTHA CAMPHOR 25 GM,Chennai,288.0,0.45,130.0,26.0,5199.25,1039.85,Active Sales
9963000124,AASTHA COTTON WICKS HALDI 25 GM,Chennai,96.0,0.5,48.0,48.0,1376.67,1376.67,Active Sales
9963000240,AASTHA PREMIUM DELUXE DHOOP - 20 N,Chennai,120.0,0.0,0.0,0.0,0.0,0.0,No Sales
9963000242,AASTHA PREMIUM LOBAN DHOOP - 20 N,Chennai,120.0,0.0,0.0,0.0,0.0,0.0,No Sales
9963000243,AASTHA PREMIUM MOGRA DHOOP - 20 N,Chennai,120.0,0.0,0.0,0.0,0.0,0.0,No Sales
9963000250,AASTHA SANDAL DRY DHOOP CONE - 20 GM,Chennai,432.0,0.28,120.0,40.0,977.86,325.95,Active Sales
9963000251,AASTHA GUGAL DRY DHOOP CONE - 20 GM,Chennai,432.0,0.62,270.0,135.0,3760.19,1880.1,Active Sales
9963000252,AASTHA LOBAN DRY DHOOP CONE - 20 GM,Chennai,432.0,0.08,36.0,36.0,293.36,293.36,Active Sales
9963000253,AASTHA ROSE DRY DHOOP CONE - 20 GM,Chennai,432.0,0.14,60.0,60.0,488.93,488.93,Active Sales
9963000254,AASTHA CHAMPA CONE DHOOP - 200 GM,Chennai,36.0,0.25,9.0,4.5,736.04,368.02,Active Sales
9963000256,AASTHA BOUQUET CONE DHOOP - 200 GM,Chennai,36.0,0.17,6.0,6.0,469.36,469.36,Active Sales
9963000287,AASTHA GANGAJAL -100 ML,Chennai,48.0,0.0,0.0,0.0,0.0,0.0,No Sales
9963000302,AASTHA RAJNIGANDHA DRY DHOOP STICK-200 G,Chennai,48.0,0.0,0.0,0.0,0.0,0.0,No Sales
9963000322,AASTHA GHEE BATTI - 30N,Chennai,96.0,0.0,0.0,0.0,0.0,0.0,No Sales
9963000366,AASTHA MOGRA DRY DHOOP CONE - 20 GM,Chennai,432.0,0.0,0.0,0.0,0.0,0.0,No Sales
